"ABW","Aruba","North America","Caribbean",193,103000,"Nonmetropolitan Territory of The Netherlands","Beatrix"
"AFG","Afghanistan","Asia","Southern and Central Asia",652090,22720000,"Islamic Emirate","Mohammad Omar"
"AGO","Angola","Africa","Central Africa",1246700,12878000,"Republic","José Eduardo dos Santos"
"AIA","Anguilla","North America","Caribbean",96,8000,"Dependent Territory of the UK","Elisabeth II"
"ALB","Albania","Europe","Southern Europe",28748,3401200,"Republic","Rexhep Mejdani"
"AND","Andorra","Europe","Southern Europe",468,78000,"Parliamentary Coprincipality",""
"ANT","Netherlands Antilles","North America","Caribbean",800,217000,"Nonmetropolitan Territory of The Netherlands","Beatrix"
"ARE","United Arab Emirates","Asia","Middle East",83600,2441000,"Emirate Federation","Zayid bin Sultan al-Nahayan"
"ARG","Argentina","South America","South America",2780400,37032000,"Federal Republic","Fernando de la Rúa"
"ARM","Armenia","Asia","Middle East",29800,3520000,"Republic","Robert Kotšarjan"
"ASM","American Samoa","Oceania","Polynesia",199,68000,"US Territory","George W. Bush"
"ATA","Antarctica","Antarctica","Antarctica",13120000,0,"Co-administrated",""
"ATF","French Southern territories","Antarctica","Antarctica",7780,0,"Nonmetropolitan Territory of France","Jacques Chirac"
"ATG","Antigua and Barbuda","North America","Caribbean",442,68000,"Constitutional Monarchy","Elisabeth II"
"AUS","Australia","Oceania","Australia and New Zealand",7741220,18886000,"Constitutional Monarchy, Federation","Elisabeth II"
"AUT","Austria","Europe","Western Europe",83859,8091800,"Federal Republic","Thomas Klestil"
"AZE","Azerbaijan","Asia","Middle East",86600,7734000,"Federal Republic","Heydär Äliyev"
"BDI","Burundi","Africa","Eastern Africa",27834,6695000,"Republic","Pierre Buyoya"
"BEL","Belgium","Europe","Western Europe",30518,10239000,"Constitutional Monarchy, Federation","Albert II"
"BEN","Benin","Africa","Western Africa",112622,6097000,"Republic","Mathieu Kérékou"
"BFA","Burkina Faso","Africa","Western Africa",274000,11937000,"Republic","Blaise Compaoré"
"BGD","Bangladesh","Asia","Southern and Central Asia",143998,129155000,"Republic","Shahabuddin Ahmad"
"BGR","Bulgaria","Europe","Eastern Europe",110994,8190900,"Republic","Petar Stojanov"
"BHR","Bahrain","Asia","Middle East",694,617000,"Monarchy (Emirate)","Hamad ibn Isa al-Khalifa"
"BHS","Bahamas","North America","Caribbean",13878,307000,"Constitutional Monarchy","Elisabeth II"
"BIH","Bosnia and Herzegovina","Europe","Southern Europe",51197,3972000,"Federal Republic","Ante Jelavic"
"BLR","Belarus","Europe","Eastern Europe",207600,10236000,"Republic","Aljaksandr Lukašenka"
"BLZ","Belize","North America","Central America",22696,241000,"Constitutional Monarchy","Elisabeth II"
"BMU","Bermuda","North America","North America",53,65000,"Dependent Territory of the UK","Elisabeth II"
"BOL","Bolivia","South America","South America",1098581,8329000,"Republic","Hugo Bánzer Suárez"
"BRA","Brazil","South America","South America",8547403,170115000,"Federal Republic","Fernando Henrique Cardoso"
"BRB","Barbados","North America","Caribbean",430,270000,"Constitutional Monarchy","Elisabeth II"
"BRN","Brunei","Asia","Southeast Asia",5765,328000,"Monarchy (Sultanate)","Haji Hassan al-Bolkiah"
"BTN","Bhutan","Asia","Southern and Central Asia",47000,2124000,"Monarchy","Jigme Singye Wangchuk"
"BVT","Bouvet Island","Antarctica","Antarctica",59,0,"Dependent Territory of Norway","Harald V"
"BWA","Botswana","Africa","Southern Africa",581730,1622000,"Republic","Festus G. Mogae"
"CAF","Central African Republic","Africa","Central Africa",622984,3615000,"Republic","Ange-Félix Patassé"
"CAN","Canada","North America","North America",9970610,31147000,"Constitutional Monarchy, Federation","Elisabeth II"
"CCK","Cocos (Keeling) Islands","Oceania","Australia and New Zealand",14,600,"Territory of Australia","Elisabeth II"
"CHE","Switzerland","Europe","Western Europe",41284,7160400,"Federation","Adolf Ogi"
"CHL","Chile","South America","South America",756626,15211000,"Republic","Ricardo Lagos Escobar"
"CHN","China","Asia","Eastern Asia",9572900,1277558000,"People'sRepublic","Jiang Zemin"
"CIV","Côte d’Ivoire","Africa","Western Africa",322463,14786000,"Republic","Laurent Gbagbo"
"CMR","Cameroon","Africa","Central Africa",475442,15085000,"Republic","Paul Biya"
"COD","Congo, The Democratic Republic of the","Africa","Central Africa",2344858,51654000,"Republic","Joseph Kabila"
"COG","Congo","Africa","Central Africa",342000,2943000,"Republic","Denis Sassou-Nguesso"
"COK","Cook Islands","Oceania","Polynesia",236,20000,"Nonmetropolitan Territory of New Zealand","Elisabeth II"
"COL","Colombia","South America","South America",1138914,42321000,"Republic","Andrés Pastrana Arango"
"COM","Comoros","Africa","Eastern Africa",1862,578000,"Republic","Azali Assoumani"
"CPV","Cape Verde","Africa","Western Africa",4033,428000,"Republic","António Mascarenhas Monteiro"
"CRI","Costa Rica","North America","Central America",51100,4023000,"Republic","Miguel Ángel Rodríguez Echeverría"
"CUB","Cuba","North America","Caribbean",110861,11201000,"Socialistic Republic","Fidel Castro Ruz"
"CXR","Christmas Island","Oceania","Australia and New Zealand",135,2500,"Territory of Australia","Elisabeth II"
"CYM","Cayman Islands","North America","Caribbean",264,38000,"Dependent Territory of the UK","Elisabeth II"
"CYP","Cyprus","Asia","Middle East",9251,754700,"Republic","Glafkos Klerides"
"CZE","Czech Republic","Europe","Eastern Europe",78866,10278100,"Republic","Václav Havel"
"DEU","Germany","Europe","Western Europe",357022,82164700,"Federal Republic","Johannes Rau"
"DJI","Djibouti","Africa","Eastern Africa",23200,638000,"Republic","Ismail Omar Guelleh"
"DMA","Dominica","North America","Caribbean",751,71000,"Republic","Vernon Shaw"
"DNK","Denmark","Europe","Nordic Countries",43094,5330000,"Constitutional Monarchy","Margrethe II"
"DOM","Dominican Republic","North America","Caribbean",48511,8495000,"Republic","Hipólito Mejía Domínguez"
"DZA","Algeria","Africa","Northern Africa",2381741,31471000,"Republic","Abdelaziz Bouteflika"
"ECU","Ecuador","South America","South America",283561,12646000,"Republic","Gustavo Noboa Bejarano"
"EGY","Egypt","Africa","Northern Africa",1001449,68470000,"Republic","Hosni Mubarak"
"ERI","Eritrea","Africa","Eastern Africa",117600,3850000,"Republic","Isayas Afewerki [Isaias Afwerki]"
"ESH","Western Sahara","Africa","Northern Africa",266000,293000,"Occupied by Marocco","Mohammed Abdel Aziz"
"ESP","Spain","Europe","Southern Europe",505992,39441700,"Constitutional Monarchy","Juan Carlos I"
"EST","Estonia","Europe","Baltic Countries",45227,1439200,"Republic","Lennart Meri"
"ETH","Ethiopia","Africa","Eastern Africa",1104300,62565000,"Republic","Negasso Gidada"
"FIN","Finland","Europe","Nordic Countries",338145,5171300,"Republic","Tarja Halonen"
"FJI","Fiji Islands","Oceania","Melanesia",18274,817000,"Republic","Josefa Iloilo"
"FLK","Falkland Islands","South America","South America",12173,2000,"Dependent Territory of the UK","Elisabeth II"
"FRA","France","Europe","Western Europe",551500,59225700,"Republic","Jacques Chirac"
"FRO","Faroe Islands","Europe","Nordic Countries",1399,43000,"Part of Denmark","Margrethe II"
"FSM","Micronesia, Federated States of","Oceania","Micronesia",702,119000,"Federal Republic","Leo A. Falcam"
"GAB","Gabon","Africa","Central Africa",267668,1226000,"Republic","Omar Bongo"
"GBR","United Kingdom","Europe","British Islands",242900,59623400,"Constitutional Monarchy","Elisabeth II"
"GEO","Georgia","Asia","Middle East",69700,4968000,"Republic","Eduard Ševardnadze"
"GHA","Ghana","Africa","Western Africa",238533,20212000,"Republic","John Kufuor"
"GIB","Gibraltar","Europe","Southern Europe",6,25000,"Dependent Territory of the UK","Elisabeth II"
"GIN","Guinea","Africa","Western Africa",245857,7430000,"Republic","Lansana Conté"
"GLP","Guadeloupe","North America","Caribbean",1705,456000,"Overseas Department of France","Jacques Chirac"
"GMB","Gambia","Africa","Western Africa",11295,1305000,"Republic","Yahya Jammeh"
"GNB","Guinea-Bissau","Africa","Western Africa",36125,1213000,"Republic","Kumba Ialá"
"GNQ","Equatorial Guinea","Africa","Central Africa",28051,453000,"Republic","Teodoro Obiang Nguema Mbasogo"
"GRC","Greece","Europe","Southern Europe",131626,10545700,"Republic","Kostis Stefanopoulos"
"GRD","Grenada","North America","Caribbean",344,94000,"Constitutional Monarchy","Elisabeth II"
"GRL","Greenland","North America","North America",2166090,56000,"Part of Denmark","Margrethe II"
"GTM","Guatemala","North America","Central America",108889,11385000,"Republic","Alfonso Portillo Cabrera"
"GUF","French Guiana","South America","South America",90000,181000,"Overseas Department of France","Jacques Chirac"
"GUM","Guam","Oceania","Micronesia",549,168000,"US Territory","George W. Bush"
"GUY","Guyana","South America","South America",214969,861000,"Republic","Bharrat Jagdeo"
"HKG","Hong Kong","Asia","Eastern Asia",1075,6782000,"Special Administrative Region of China","Jiang Zemin"
"HMD","Heard Island and McDonald Islands","Antarctica","Antarctica",359,0,"Territory of Australia","Elisabeth II"
"HND","Honduras","North America","Central America",112088,6485000,"Republic","Carlos Roberto Flores Facussé"
"HRV","Croatia","Europe","Southern Europe",56538,4473000,"Republic","Štipe Mesic"
"HTI","Haiti","North America","Caribbean",27750,8222000,"Republic","Jean-Bertrand Aristide"
"HUN","Hungary","Europe","Eastern Europe",93030,10043200,"Republic","Ferenc Mádl"
"IDN","Indonesia","Asia","Southeast Asia",1904569,212107000,"Republic","Abdurrahman Wahid"
"IND","India","Asia","Southern and Central Asia",3287263,1013662000,"Federal Republic","Kocheril Raman Narayanan"
"IOT","British Indian Ocean Territory","Africa","Eastern Africa",78,0,"Dependent Territory of the UK","Elisabeth II"
"IRL","Ireland","Europe","British Islands",70273,3775100,"Republic","Mary McAleese"
"IRN","Iran","Asia","Southern and Central Asia",1648195,67702000,"Islamic Republic","Ali Mohammad Khatami-Ardakani"
"IRQ","Iraq","Asia","Middle East",438317,23115000,"Republic","Saddam Hussein al-Takriti"
"ISL","Iceland","Europe","Nordic Countries",103000,279000,"Republic","Ólafur Ragnar Grímsson"
"ISR","Israel","Asia","Middle East",21056,6217000,"Republic","Moshe Katzav"
"ITA","Italy","Europe","Southern Europe",301316,57680000,"Republic","Carlo Azeglio Ciampi"
"JAM","Jamaica","North America","Caribbean",10990,2583000,"Constitutional Monarchy","Elisabeth II"
"JOR","Jordan","Asia","Middle East",88946,5083000,"Constitutional Monarchy","Abdullah II"
"JPN","Japan","Asia","Eastern Asia",377829,126714000,"Constitutional Monarchy","Akihito"
"KAZ","Kazakstan","Asia","Southern and Central Asia",2724900,16223000,"Republic","Nursultan Nazarbajev"
"KEN","Kenya","Africa","Eastern Africa",580367,30080000,"Republic","Daniel arap Moi"
"KGZ","Kyrgyzstan","Asia","Southern and Central Asia",199900,4699000,"Republic","Askar Akajev"
"KHM","Cambodia","Asia","Southeast Asia",181035,11168000,"Constitutional Monarchy","Norodom Sihanouk"
"KIR","Kiribati","Oceania","Micronesia",726,83000,"Republic","Teburoro Tito"
"KNA","Saint Kitts and Nevis","North America","Caribbean",261,38000,"Constitutional Monarchy","Elisabeth II"
"KOR","South Korea","Asia","Eastern Asia",99434,46844000,"Republic","Kim Dae-jung"
"KWT","Kuwait","Asia","Middle East",17818,1972000,"Constitutional Monarchy (Emirate)","Jabir al-Ahmad al-Jabir al-Sabah"
"LAO","Laos","Asia","Southeast Asia",236800,5433000,"Republic","Khamtay Siphandone"
"LBN","Lebanon","Asia","Middle East",10400,3282000,"Republic","Émile Lahoud"
"LBR","Liberia","Africa","Western Africa",111369,3154000,"Republic","Charles Taylor"
"LBY","Libyan Arab Jamahiriya","Africa","Northern Africa",1759540,5605000,"Socialistic State","Muammar al-Qadhafi"
"LCA","Saint Lucia","North America","Caribbean",622,154000,"Constitutional Monarchy","Elisabeth II"
"LIE","Liechtenstein","Europe","Western Europe",160,32300,"Constitutional Monarchy","Hans-Adam II"
"LKA","Sri Lanka","Asia","Southern and Central Asia",65610,18827000,"Republic","Chandrika Kumaratunga"
"LSO","Lesotho","Africa","Southern Africa",30355,2153000,"Constitutional Monarchy","Letsie III"
"LTU","Lithuania","Europe","Baltic Countries",65301,3698500,"Republic","Valdas Adamkus"
"LUX","Luxembourg","Europe","Western Europe",2586,435700,"Constitutional Monarchy","Henri"
"LVA","Latvia","Europe","Baltic Countries",64589,2424200,"Republic","Vaira Vike-Freiberga"
"MAC","Macao","Asia","Eastern Asia",18,473000,"Special Administrative Region of China","Jiang Zemin"
"MAR","Morocco","Africa","Northern Africa",446550,28351000,"Constitutional Monarchy","Mohammed VI"
"MCO","Monaco","Europe","Western Europe",1.5,34000,"Constitutional Monarchy","Rainier III"
"MDA","Moldova","Europe","Eastern Europe",33851,4380000,"Republic","Vladimir Voronin"
"MDG","Madagascar","Africa","Eastern Africa",587041,15942000,"Federal Republic","Didier Ratsiraka"
"MDV","Maldives","Asia","Southern and Central Asia",298,286000,"Republic","Maumoon Abdul Gayoom"
"MEX","Mexico","North America","Central America",1958201,98881000,"Federal Republic","Vicente Fox Quesada"
"MHL","Marshall Islands","Oceania","Micronesia",181,64000,"Republic","Kessai Note"
"MKD","Macedonia","Europe","Southern Europe",25713,2024000,"Republic","Boris Trajkovski"
"MLI","Mali","Africa","Western Africa",1240192,11234000,"Republic","Alpha Oumar Konaré"
"MLT","Malta","Europe","Southern Europe",316,380200,"Republic","Guido de Marco"
"MMR","Myanmar","Asia","Southeast Asia",676578,45611000,"Republic","kenraali Than Shwe"
"MNG","Mongolia","Asia","Eastern Asia",1566500,2662000,"Republic","Natsagiin Bagabandi"
"MNP","Northern Mariana Islands","Oceania","Micronesia",464,78000,"Commonwealth of the US","George W. Bush"
"MOZ","Mozambique","Africa","Eastern Africa",801590,19680000,"Republic","Joaquím A. Chissano"
"MRT","Mauritania","Africa","Western Africa",1025520,2670000,"Republic","Maaouiya Ould Sid´Ahmad Taya"
"MSR","Montserrat","North America","Caribbean",102,11000,"Dependent Territory of the UK","Elisabeth II"
"MTQ","Martinique","North America","Caribbean",1102,395000,"Overseas Department of France","Jacques Chirac"
"MUS","Mauritius","Africa","Eastern Africa",2040,1158000,"Republic","Cassam Uteem"
"MWI","Malawi","Africa","Eastern Africa",118484,10925000,"Republic","Bakili Muluzi"
"MYS","Malaysia","Asia","Southeast Asia",329758,22244000,"Constitutional Monarchy, Federation","Salahuddin Abdul Aziz Shah Alhaj"
"MYT","Mayotte","Africa","Eastern Africa",373,149000,"Territorial Collectivity of France","Jacques Chirac"
"NAM","Namibia","Africa","Southern Africa",824292,1726000,"Republic","Sam Nujoma"
"NCL","New Caledonia","Oceania","Melanesia",18575,214000,"Nonmetropolitan Territory of France","Jacques Chirac"
"NER","Niger","Africa","Western Africa",1267000,10730000,"Republic","Mamadou Tandja"
"NFK","Norfolk Island","Oceania","Australia and New Zealand",36,2000,"Territory of Australia","Elisabeth II"
"NGA","Nigeria","Africa","Western Africa",923768,111506000,"Federal Republic","Olusegun Obasanjo"
"NIC","Nicaragua","North America","Central America",130000,5074000,"Republic","Arnoldo Alemán Lacayo"
"NIU","Niue","Oceania","Polynesia",260,2000,"Nonmetropolitan Territory of New Zealand","Elisabeth II"
"NLD","Netherlands","Europe","Western Europe",41526,15864000,"Constitutional Monarchy","Beatrix"
"NOR","Norway","Europe","Nordic Countries",323877,4478500,"Constitutional Monarchy","Harald V"
"NPL","Nepal","Asia","Southern and Central Asia",147181,23930000,"Constitutional Monarchy","Gyanendra Bir Bikram"
"NRU","Nauru","Oceania","Micronesia",21,12000,"Republic","Bernard Dowiyogo"
"NZL","New Zealand","Oceania","Australia and New Zealand",270534,3862000,"Constitutional Monarchy","Elisabeth II"
"OMN","Oman","Asia","Middle East",309500,2542000,"Monarchy (Sultanate)","Qabus ibn Sa´id"
"PAK","Pakistan","Asia","Southern and Central Asia",796095,156483000,"Republic","Mohammad Rafiq Tarar"
"PAN","Panama","North America","Central America",75517,2856000,"Republic","Mireya Elisa Moscoso Rodríguez"
"PCN","Pitcairn","Oceania","Polynesia",49,50,"Dependent Territory of the UK","Elisabeth II"
"PER","Peru","South America","South America",1285216,25662000,"Republic","Valentin Paniagua Corazao"
"PHL","Philippines","Asia","Southeast Asia",3e+05,75967000,"Republic","Gloria Macapagal-Arroyo"
"PLW","Palau","Oceania","Micronesia",459,19000,"Republic","Kuniwo Nakamura"
"PNG","Papua New Guinea","Oceania","Melanesia",462840,4807000,"Constitutional Monarchy","Elisabeth II"
"POL","Poland","Europe","Eastern Europe",323250,38653600,"Republic","Aleksander Kwasniewski"
"PRI","Puerto Rico","North America","Caribbean",8875,3869000,"Commonwealth of the US","George W. Bush"
"PRK","North Korea","Asia","Eastern Asia",120538,24039000,"Socialistic Republic","Kim Jong-il"
"PRT","Portugal","Europe","Southern Europe",91982,9997600,"Republic","Jorge Sampãio"
"PRY","Paraguay","South America","South America",406752,5496000,"Republic","Luis Ángel González Macchi"
"PSE","Palestine","Asia","Middle East",6257,3101000,"Autonomous Area","Yasser (Yasir) Arafat"
"PYF","French Polynesia","Oceania","Polynesia",4000,235000,"Nonmetropolitan Territory of France","Jacques Chirac"
"QAT","Qatar","Asia","Middle East",11000,599000,"Monarchy","Hamad ibn Khalifa al-Thani"
"REU","Réunion","Africa","Eastern Africa",2510,699000,"Overseas Department of France","Jacques Chirac"
"ROM","Romania","Europe","Eastern Europe",238391,22455500,"Republic","Ion Iliescu"
"RUS","Russian Federation","Europe","Eastern Europe",17075400,146934000,"Federal Republic","Vladimir Putin"
"RWA","Rwanda","Africa","Eastern Africa",26338,7733000,"Republic","Paul Kagame"
"SAU","Saudi Arabia","Asia","Middle East",2149690,21607000,"Monarchy","Fahd ibn Abdul-Aziz al-Sa´ud"
"SDN","Sudan","Africa","Northern Africa",2505813,29490000,"Islamic Republic","Omar Hassan Ahmad al-Bashir"
"SEN","Senegal","Africa","Western Africa",196722,9481000,"Republic","Abdoulaye Wade"
"SGP","Singapore","Asia","Southeast Asia",618,3567000,"Republic","Sellapan Rama Nathan"
"SGS","South Georgia and the South Sandwich Islands","Antarctica","Antarctica",3903,0,"Dependent Territory of the UK","Elisabeth II"
"SHN","Saint Helena","Africa","Western Africa",314,6000,"Dependent Territory of the UK","Elisabeth II"
"SJM","Svalbard and Jan Mayen","Europe","Nordic Countries",62422,3200,"Dependent Territory of Norway","Harald V"
"SLB","Solomon Islands","Oceania","Melanesia",28896,444000,"Constitutional Monarchy","Elisabeth II"
"SLE","Sierra Leone","Africa","Western Africa",71740,4854000,"Republic","Ahmed Tejan Kabbah"
"SLV","El Salvador","North America","Central America",21041,6276000,"Republic","Francisco Guillermo Flores Pérez"
"SMR","San Marino","Europe","Southern Europe",61,27000,"Republic",""
"SOM","Somalia","Africa","Eastern Africa",637657,10097000,"Republic","Abdiqassim Salad Hassan"
"SPM","Saint Pierre and Miquelon","North America","North America",242,7000,"Territorial Collectivity of France","Jacques Chirac"
"STP","Sao Tome and Principe","Africa","Central Africa",964,147000,"Republic","Miguel Trovoada"
"SUR","Suriname","South America","South America",163265,417000,"Republic","Ronald Venetiaan"
"SVK","Slovakia","Europe","Eastern Europe",49012,5398700,"Republic","Rudolf Schuster"
"SVN","Slovenia","Europe","Southern Europe",20256,1987800,"Republic","Milan Kucan"
"SWE","Sweden","Europe","Nordic Countries",449964,8861400,"Constitutional Monarchy","Carl XVI Gustaf"
"SWZ","Swaziland","Africa","Southern Africa",17364,1008000,"Monarchy","Mswati III"
"SYC","Seychelles","Africa","Eastern Africa",455,77000,"Republic","France-Albert René"
"SYR","Syria","Asia","Middle East",185180,16125000,"Republic","Bashar al-Assad"
"TCA","Turks and Caicos Islands","North America","Caribbean",430,17000,"Dependent Territory of the UK","Elisabeth II"
"TCD","Chad","Africa","Central Africa",1284000,7651000,"Republic","Idriss Déby"
"TGO","Togo","Africa","Western Africa",56785,4629000,"Republic","Gnassingbé Eyadéma"
"THA","Thailand","Asia","Southeast Asia",513115,61399000,"Constitutional Monarchy","Bhumibol Adulyadej"
"TJK","Tajikistan","Asia","Southern and Central Asia",143100,6188000,"Republic","Emomali Rahmonov"
"TKL","Tokelau","Oceania","Polynesia",12,2000,"Nonmetropolitan Territory of New Zealand","Elisabeth II"
"TKM","Turkmenistan","Asia","Southern and Central Asia",488100,4459000,"Republic","Saparmurad Nijazov"
"TMP","East Timor","Asia","Southeast Asia",14874,885000,"Administrated by the UN","José Alexandre Gusmão"
"TON","Tonga","Oceania","Polynesia",650,99000,"Monarchy","Taufa'ahau Tupou IV"
"TTO","Trinidad and Tobago","North America","Caribbean",5130,1295000,"Republic","Arthur N. R. Robinson"
"TUN","Tunisia","Africa","Northern Africa",163610,9586000,"Republic","Zine al-Abidine Ben Ali"
"TUR","Turkey","Asia","Middle East",774815,66591000,"Republic","Ahmet Necdet Sezer"
"TUV","Tuvalu","Oceania","Polynesia",26,12000,"Constitutional Monarchy","Elisabeth II"
"TWN","Taiwan","Asia","Eastern Asia",36188,22256000,"Republic","Chen Shui-bian"
"TZA","Tanzania","Africa","Eastern Africa",883749,33517000,"Republic","Benjamin William Mkapa"
"UGA","Uganda","Africa","Eastern Africa",241038,21778000,"Republic","Yoweri Museveni"
"UKR","Ukraine","Europe","Eastern Europe",603700,50456000,"Republic","Leonid Kutšma"
"UMI","United States Minor Outlying Islands","Oceania","Micronesia/Caribbean",16,0,"Dependent Territory of the US","George W. Bush"
"URY","Uruguay","South America","South America",175016,3337000,"Republic","Jorge Batlle Ibáñez"
"USA","United States","North America","North America",9363520,278357000,"Federal Republic","George W. Bush"
"UZB","Uzbekistan","Asia","Southern and Central Asia",447400,24318000,"Republic","Islam Karimov"
"VAT","Holy See (Vatican City State)","Europe","Southern Europe",0.4,1000,"Independent Church State","Johannes Paavali II"
"VCT","Saint Vincent and the Grenadines","North America","Caribbean",388,114000,"Constitutional Monarchy","Elisabeth II"
"VEN","Venezuela","South America","South America",912050,24170000,"Federal Republic","Hugo Chávez Frías"
"VGB","Virgin Islands, British","North America","Caribbean",151,21000,"Dependent Territory of the UK","Elisabeth II"
"VIR","Virgin Islands, U.S.","North America","Caribbean",347,93000,"US Territory","George W. Bush"
"VNM","Vietnam","Asia","Southeast Asia",331689,79832000,"Socialistic Republic","Trân Duc Luong"
"VUT","Vanuatu","Oceania","Melanesia",12189,190000,"Republic","John Bani"
"WLF","Wallis and Futuna","Oceania","Polynesia",200,15000,"Nonmetropolitan Territory of France","Jacques Chirac"
"WSM","Samoa","Oceania","Polynesia",2831,180000,"Parlementary Monarchy","Malietoa Tanumafili II"
"YEM","Yemen","Asia","Middle East",527968,18112000,"Republic","Ali Abdallah Salih"
"YUG","Yugoslavia","Europe","Southern Europe",102173,10640000,"Federal Republic","Vojislav Koštunica"
"ZAF","South Africa","Africa","Southern Africa",1221037,40377000,"Republic","Thabo Mbeki"
"ZMB","Zambia","Africa","Eastern Africa",752618,9169000,"Republic","Frederick Chiluba"
"ZWE","Zimbabwe","Africa","Eastern Africa",390757,11669000,"Republic","Robert G. Mugabe"
